电影名称,电影类型,电影评分,电影标语
肖申克的救赎 / TheShawshankRedemption / 月黑高飞(港)/刺激1995(台),犯罪 剧情,9.7,希望让人自由。
霸王别姬 / 再见，我的妾/FarewellMyConcubine,剧情 爱情 同性,9.6,风华绝代。
阿甘正传 / ForrestGump / 福雷斯特·冈普,剧情 爱情,9.5,一部美国近现代史。
泰坦尼克号 / Titanic / 铁达尼号(港/台),剧情 爱情 灾难,9.5,失去的才是永恒的。 
千与千寻 / 千と千尋の神隠し / 神隐少女(台)/千与千寻的神隐,剧情 动画 奇幻,9.4,最好的宫崎骏，最好的久石让。 
这个杀手不太冷 / Léon / 终极追杀令(台)/杀手莱昂,剧情 动作 犯罪,9.4,怪蜀黍和小萝莉不得不说的故事。
美丽人生 / Lavitaèbella / 一个快乐的传说(港)/LifeIsBeautiful,剧情 喜剧 爱情 战争,9.5,最美的谎言。
星际穿越 / Interstellar / 星际启示录(港)/星际效应(台),剧情 科幻 冒险,9.4,爱是一种力量，让我们超越时空感知它的存在。
盗梦空间 / Inception / 潜行凶间(港)/全面启动(台),剧情 科幻 悬疑 冒险,9.4,诺兰给了我们一场无法盗取的梦。
辛德勒的名单 / Schindler'sList / 舒特拉的名单(港)/辛德勒名单,剧情 历史 战争,9.5,拯救一个人，就是拯救整个世界。
楚门的世界 / TheTrumanShow / 真人Show(港)/真人戏,剧情 科幻,9.4,如果再也不能见到你，祝你早安，午安，晚安。
忠犬八公的故事 / Hachi:ADog'sTale / 秋田犬八千(港)/忠犬小八(台),剧情,9.4,永远都不能忘记你所爱的人。
海上钢琴师 / Laleggendadelpianistasull'oceano / 声光伴我飞(港)/一九零零的传奇,剧情 音乐,9.3,每个人都要走一条自己坚定了的路，就算是粉身碎骨。 
三傻大闹宝莱坞 / 3Idiots / 三个傻瓜(台)/作死不离3兄弟(港),剧情 喜剧 爱情 歌舞,9.2,英俊版憨豆，高情商版谢耳朵。
放牛班的春天 / Leschoristes / 歌声伴我心(港)/唱诗班男孩,剧情 音乐,9.3,天籁一般的童声，是最接近上帝的存在。 
机器人总动员 / WALL·E / 太空奇兵·威E(港)/瓦力(台),科幻 动画 冒险,9.3,小瓦力，大人生。
疯狂动物城 / Zootopia / 优兽大都会(港)/动物方城市(台),喜剧 动画 冒险,9.2,迪士尼给我们营造的乌托邦就是这样，永远善良勇敢，永远出乎意料。
无间道 / 無間道 / InfernalAffairs/Mougaandou,剧情 犯罪 惊悚,9.3,香港电影史上永不过时的杰作。
控方证人 / WitnessfortheProsecution / 雄才伟略/情妇,剧情 犯罪 悬疑,9.6,比利·怀德满分作品。
大话西游之大圣娶亲 / 西遊記大結局之仙履奇緣 / 西游记完结篇仙履奇缘/齐天大圣西游记,喜剧 爱情 奇幻 古装,9.2,一生所爱。
熔炉 / 도가니 / 无声呐喊(港)/漩涡,剧情,9.4,我们一路奋战不是为了改变世界，而是为了不让世界改变我们。
教父 / TheGodfather / MarioPuzo'sTheGodfather,剧情 犯罪,9.3,千万不要记恨你的对手，这样会让你失去理智。
触不可及 / Intouchables / 闪亮人生(港)/逆转人生(台),剧情 喜剧,9.3,满满温情的高雅喜剧。
当幸福来敲门 / ThePursuitofHappyness / 寻找快乐的故事(港)/追求快乐,剧情 传记 家庭,9.2,平民励志片。 
寻梦环游记 / Coco / 玩转极乐园(港)/可可夜总会(台),喜剧 动画 奇幻 音乐,9.1,死亡不是真的逝去，遗忘才是永恒的消亡。
末代皇帝 / TheLastEmperor / 末代皇帝溥仪(港)/L'ultimoimperatore,剧情 传记 历史,9.3,“不要跟我比惨，我比你更惨”再适合这部电影不过了。
龙猫 / となりのトトロ / 邻居托托罗/邻家的豆豆龙,动画 奇幻 冒险,9.2,人人心中都有个龙猫，童年就永远不会消失。
怦然心动 / Flipped / 萌动青春/青春萌动,剧情 喜剧 爱情,9.1,真正的幸福是来自内心深处。
活着 / 人生/Lifetimes,剧情 历史 家庭,9.3,张艺谋最好的电影。
哈利·波特与魔法石 / HarryPotterandtheSorcerer'sStone / 哈利波特1：神秘的魔法石(港/台),奇幻 冒险,9.2,童话世界的开端。
蝙蝠侠：黑暗骑士 / TheDarkKnight / 蝙蝠侠前传2：黑暗骑士/黑暗骑士(台),剧情 动作 科幻 犯罪 惊悚,9.2,无尽的黑暗。
指环王3：王者无敌 / TheLordoftheRings:TheReturnoftheKing / 魔戒三部曲：王者再临(台/港),剧情 动作 奇幻 冒险,9.3,史诗的终章。
我不是药神 / 中国药神/印度药神,剧情 喜剧,9.0,对我们国家而言，这样的电影多一部是一部。
乱世佳人 / GonewiththeWind / 飘,剧情 历史 爱情 战争,9.3,Tomorrow is another day.
飞屋环游记 / Up / 冲天救兵(港)/天外奇迹(台),剧情 喜剧 动画 冒险,9.1,最后那些最无聊的事情，才是最值得怀念的。 
素媛 / 소원 / 许愿/希望：为爱重生(台),剧情,9.3,受过伤害的人总是笑得最开心，因为他们不愿意让身边的人承受一样的痛苦。
十二怒汉 / 12AngryMen / 12怒汉/十二怒汉,剧情,9.4,1957年的理想主义。 
哈尔的移动城堡 / ハウルの動く城 / 哈尔移动城堡(港)/霍尔的移动城堡(台),爱情 动画 奇幻 冒险,9.1,带着心爱的人在天空飞翔。
让子弹飞 / 让子弹飞一会儿/火烧云,剧情 喜剧 动作 西部,9.0,你给我翻译翻译，神马叫做TMD的惊喜。
何以为家 / كفرناحوم / 迦百农/星仔打官司(港),剧情,9.1,凝视卑弱生命，用电影改变命运。
摔跤吧！爸爸 / Dangal / 我和我的冠军女儿(台)/打死不离3父女(港),剧情 传记 运动 家庭,9.0,你不是在为你一个人战斗，你要让千千万万的女性看到女生并不是只能相夫教子。
猫鼠游戏 / CatchMeIfYouCan / 逍遥法外/捉智双雄(港),传记 犯罪 剧情,9.1,骗子大师和执著警探的你追我跑故事。 
天空之城 / 天空の城ラピュタ / 天空之城拉普他/空中城堡拉普他,动画 奇幻 冒险,9.2,对天空的追逐，永不停止。 
鬼子来了 / DevilsontheDoorstep,剧情 喜剧,9.3,对敌人的仁慈，就是对自己残忍。
海蒂和爷爷 / Heidi / 飘零燕(港)/海蒂,剧情 冒险 家庭,9.3,如果生活中有什么使你感到快乐，那就去做吧！不要管别人说什么。
少年派的奇幻漂流 / LifeofPi / 少年Pi的奇幻漂流/漂流少年Pi,剧情 奇幻 冒险,9.1,瑰丽壮观、无人能及的冒险之旅。
钢琴家 / ThePianist / 钢琴战曲(港)/战地琴人(台),剧情 传记 战争 音乐,9.3,音乐能化解仇恨。
大话西游之月光宝盒 / 西遊記第壹佰零壹回之月光寶盒 / 西游记101回月光宝盒/齐天大圣东游记,喜剧 爱情 奇幻 古装,9.0,旷古烁今。
指环王2：双塔奇兵 / TheLordoftheRings:TheTwoTowers / 魔戒二部曲：双城奇谋/指环王II：双塔,剧情 动作 奇幻 冒险,9.2,承前启后的史诗篇章。
闻香识女人 / ScentofaWoman / 女人香/女人的芳香,剧情,9.1,史上最美的探戈。
死亡诗社 / DeadPoetsSociety / 暴雨骄阳(港)/春风化雨(台),剧情,9.2,当一个死水般的体制内出现一个活跃的变数时，所有的腐臭都站在了光明的对面。
绿皮书 / GreenBook / 绿簿旅友(港)/幸福绿皮书(台),剧情 喜剧 传记 音乐,8.9,去除成见，需要勇气。
罗马假日 / RomanHoliday / 金枝玉叶(港)/罗马假期(台),喜剧 剧情 爱情,9.1,爱情哪怕只有一天。
大闹天宫 / 大闹天宫上下集/TheMonkeyKing,剧情 动画 奇幻 古装,9.4,经典之作，历久弥新。
天堂电影院 / NuovoCinemaParadiso / 星光伴我心(港)/新天堂乐园(台),剧情 爱情,9.2,那些吻戏，那些青春，都在影院的黑暗里被泪水冲刷得无比清晰。
黑客帝国 / TheMatrix / 22世纪杀人网络(港)/廿二世纪杀人网络(港),动作 科幻,9.1,视觉革命。
指环王1：护戒使者 / TheLordoftheRings:TheFellowshipoftheRing / 指环王1：魔戒再现/指环王I：护戒使者,剧情 动作 奇幻 冒险,9.1,传说的开始。
教父2 / TheGodfather:PartII / 教父续集(港)/教父II,剧情 犯罪,9.3,优雅的孤独。
狮子王 / TheLionKing / 狮子王3D,动画 冒险 歌舞,9.1,动物版《哈姆雷特》。
辩护人 / 변호인 / 逆权大状(港)/正义辩护人(台),剧情,9.2,电影的现实意义大过电影本身。
饮食男女 / 飲食男女 / EatDrinkManWoman,剧情 家庭,9.2,人生不能像做菜，把所有的料都准备好了才下锅。
搏击俱乐部 / FightClub / 搏击会(港)/斗阵俱乐部(台),剧情 动作 悬疑 惊悚,9.0,邪恶与平庸蛰伏于同一个母体，在特定的时间互相对峙。
本杰明·巴顿奇事 / TheCuriousCaseofBenjaminButton / 奇幻逆缘(港)/班杰明的奇幻旅程(台),剧情 爱情 奇幻,9.0,在时间之河里感受溺水之苦。
美丽心灵 / ABeautifulMind / 有你终生美丽(港)/美丽境界(台),传记 剧情,9.1,爱是一切逻辑和原由。
穿条纹睡衣的男孩 / TheBoyintheStripedPajamas / 穿条纹衣服的男孩/穿条纹衣的男孩,剧情 战争,9.2,尽管有些不切实际的幻想，这部电影依旧是一部感人肺腑的佳作。
窃听风暴 / DasLebenderAnderen / 窃听者(港)/他人的生活,剧情 悬疑,9.2,别样人生。
情书 / LoveLetter / WhenICloseMyEyes/LettersofLove,剧情 爱情,8.9,暗恋的极致。
"两杆大烟枪 / Lock,StockandTwoSmokingBarrels / 够姜四小强(港)/两根枪管(台)",剧情 喜剧 犯罪,9.1,4个臭皮匠顶个诸葛亮，盖·里奇果然不是盖的。
西西里的美丽传说 / Malèna / 真爱伴我行(台)/玛莲娜,剧情 战争 情色,8.9,美丽无罪。
音乐之声 / TheSoundofMusic / 仙乐飘飘处处闻(港)/真善美(台),剧情 传记 爱情 歌舞,9.1,用音乐化解仇恨，让歌声串起美好。
看不见的客人 / Contratiempo / 死无对证(港)/布局(台),剧情 犯罪 悬疑 惊悚,8.8,你以为你以为的就是你以为的。
阿凡达 / Avatar / ,动作 科幻 冒险,8.8,绝对意义上的美轮美奂。
哈利·波特与死亡圣器(下) / HarryPotterandtheDeathlyHallows:Part2 / 哈利波特7：死神的圣物2(港/台),奇幻 冒险,9.0,10年的完美句点。
拯救大兵瑞恩 / SavingPrivateRyan / 雷霆救兵(港)/抢救雷恩大兵(台),剧情 战争,9.1,美利坚精神输出大片No1.
飞越疯人院 / OneFlewOvertheCuckoo'sNest / 飞越杜鹃窝(台)/飞越喜鹊巢,剧情,9.1,自由万岁。
小鞋子 / بچههایآسمان / 天堂的孩子/小童鞋,剧情 儿童 家庭,9.2,奔跑的孩子是天使。
沉默的羔羊 / TheSilenceoftheLambs / 沉默的羔羊,剧情 犯罪 惊悚,8.9,安东尼·霍普金斯的顶级表演。
功夫 / 功夫3D/KungFuHustle,动作 喜剧 犯罪 奇幻,8.8,警恶惩奸，维护世界和平这个任务就交给你了，好吗？
布达佩斯大饭店 / TheGrandBudapestHotel / 布达佩斯大酒店(港)/欢迎来到布达佩斯大饭店(台),剧情 喜剧 冒险,8.9,小清新的故事里注入了大历史的情怀。
禁闭岛 / ShutterIsland / 不赦岛(港)/隔离岛(台),剧情 悬疑 惊悚,8.9,昔日翩翩少年，今日大腹便便。
蝴蝶效应 / TheButterflyEffect / 蝴蝶效应,剧情 悬疑 科幻 惊悚,8.9,人的命运被自己瞬间的抉择改变。
哈利·波特与阿兹卡班的囚徒 / HarryPotterandthePrisonerofAzkaban / 哈利波特3：阿兹卡班的逃犯(港/台),奇幻 冒险,8.9,不一样的导演，不一样的哈利·波特。
致命魔术 / ThePrestige / 死亡魔法(港)/顶尖对决(台),剧情 悬疑 惊悚,8.9,孪生蝙蝠侠大战克隆金刚狼。
心灵捕手 / GoodWillHunting / 骄阳似我(港)/心灵捕手,剧情,8.9,人生中应该拥有这样的一段豁然开朗。
超脱 / Detachment / 人间师格(台),剧情,9.0,穷尽一生，我们要学会的，不过是彼此拥抱。
低俗小说 / PulpFiction / 危险人物(港)/黑色追缉令(台),剧情 喜剧 犯罪,8.9,故事的高级讲法。
摩登时代 / ModernTimes / TheMasses/LesTempsmodernes,剧情 喜剧 爱情,9.3,大时代中的人生，小人物的悲喜。
海豚湾 / TheCove / 血色海湾(台)/海湾,纪录片,9.3,海豚的微笑，是世界上最高明的伪装。
春光乍泄 / 春光乍洩 / 一起快乐/HappyTogether,剧情 爱情 同性,9.0,爱情纠缠，男女一致。
喜剧之王 / 喜劇之王 / KingofComedy,喜剧 剧情 爱情,8.8,我是一个演员。
美国往事 / OnceUponaTimeinAmerica / 四海兄弟(台)/义薄云天(港),犯罪 剧情,9.2,往事如烟，无处祭奠。
致命ID / Identity / 杀人游戏/致命身份,剧情 悬疑 惊悚,8.9,最不可能的那个人永远是最可能的。
杀人回忆 / 살인의추억 / 谋杀回忆/杀手回忆录,剧情 动作 犯罪 悬疑 惊悚,8.9,关于连环杀人悬案的集体回忆。
哈利·波特与密室 / HarryPotterandtheChamberofSecrets / 哈利波特2：消失的密室(港/台),奇幻 冒险,8.9,魔法的密室之门已打开...
红辣椒 / パプリカ / 盗梦侦探(港/台),动画 悬疑 科幻 惊悚,9.1,梦的勾结。
七宗罪 / Se7en / 火线追缉令(台)/7宗罪,剧情 犯罪 悬疑 惊悚,8.8,警察抓小偷，老鼠玩死猫。
加勒比海盗 / PiratesoftheCaribbean:TheCurseoftheBlackPearl / 加勒比海盗1：黑珍珠号的诅咒/神鬼奇航：鬼盗船魔咒(台),动作 冒险 奇幻,8.8,约翰尼·德普的独角戏。
一一 / Yiyi/Yiyi:AOneandaTwo,剧情 爱情 家庭,9.1,我们都曾经是一一。
狩猎 / Jagten / 诬网(港)/谎言的烙印(台),剧情,9.1,人言可畏。
唐伯虎点秋香 / 唐伯虎點秋香 / FlirtingScholar,喜剧 爱情 古装,8.7,华太师是黄霑，吴镇宇四大才子之一。
7号房的礼物 / 7번방의선물 / 戆爸的礼物(港)/7号囚房的礼物,剧情 喜剧 家庭,8.9,《我是山姆》的《美丽人生》。
被嫌弃的松子的一生 / 嫌われ松子の一生 / 花样奇缘(港)/令人讨厌的松子的一生(台),剧情 歌舞,8.9,以戏谑来戏谑戏谑。
蝙蝠侠：黑暗骑士崛起 / TheDarkKnightRises / 蝙蝠侠前传3：黑暗骑士崛起/黑暗骑士：黎明升起(台),剧情 动作 科幻 犯罪 惊悚,8.9,诺兰就是保证。
爱在黎明破晓前 / BeforeSunrise / 情留半天(港)/爱在黎明破晓时(台),剧情 爱情,8.8,缘分是个连绵词，最美不过一瞬。
请以你的名字呼唤我 / CallMebyYourName / 以你的名字呼唤我(港/台),剧情 爱情 同性,8.8,沉醉在电影的情感和视听氛围中无法自拔。
甜蜜蜜 / Comrades:AlmostaLoveStory,剧情 爱情,8.9,相逢只要一瞬间，等待却像是一辈子。
断背山 / BrokebackMountain / 断臂山/BBM,剧情 爱情 同性 家庭,8.8,每个人心中都有一座断背山。
剪刀手爱德华 / EdwardScissorhands / 幻海奇缘(港)/剪刀手爱德华,剧情 奇幻 爱情,8.7,浪漫忧郁的成人童话。
入殓师 / おくりびと / 礼仪师之奏鸣曲(港)/礼仪师(台),剧情,8.9,死可能是一道门，逝去并不是终结，而是超越，走向下一程。
第六感 / TheSixthSense / 鬼眼(港)/灵异第六感(台),剧情 悬疑 惊悚,8.9,深入内心的恐怖，出人意料的结局。
重庆森林 / 重慶森林 / ChungkingExpress,剧情 爱情,8.8,寂寞没有期限。
超能陆战队 / BigHero6 / 大英雄联盟(港)/大英雄天团(台),喜剧 动作 科幻 动画 冒险,8.7,Balalala~~~
勇敢的心 / Braveheart / 惊世未了缘(港)/梅尔吉勃逊之英雄本色(台),动作 传记 剧情 历史 战争,8.9,史诗大片的典范。
爱在日落黄昏时 / BeforeSunset / 日落巴黎(港)/爱在日落巴黎时(台),剧情 爱情,8.9,九年后的重逢是世俗和责任的交叠，没了悸动和青涩，沧桑而温暖。
幽灵公主 / もののけ姫 / 魔法公主(港)/魔法公主(台),动画 奇幻 冒险,8.9,人与自然的战争史诗。
菊次郎的夏天 / 菊次郎の夏 / 菊次郎之夏/Kikujirônonatsu,剧情 喜剧,8.9,从没见过那么流氓的温柔，从没见过那么温柔的流氓。
寄生虫 / 기생충 / 寄生上流(台)/上流寄生族(港),剧情,8.8,
借东西的小人阿莉埃蒂 / 借りぐらしのアリエッティ / 借物少女艾莉缇(台)/借东西的小矮人亚莉亚蒂(港),动画 奇幻 冒险,8.9,曾经的那段美好会沉淀为一辈子的记忆。
消失的爱人 / GoneGirl / 失踪的女孩/失踪女孩,剧情 犯罪 悬疑 惊悚,8.7,年度最佳date movie。
无人知晓 / 誰も知らない / 谁知赤子心(港)/无人知晓的夏日清晨(台),剧情,9.1,我的平常生活就是他人的幸福。
阳光灿烂的日子 / IntheHeatoftheSun,剧情 爱情,8.8,一场华丽的意淫。
完美的世界 / APerfectWorld / 强盗保镳,剧情 犯罪,9.1,坏人的好总是比好人的好来得更感人。
天使爱美丽 / Lefabuleuxdestind'AméliePoulain / 艾蜜莉的异想世界(台)/天使艾米莉,剧情 喜剧 爱情,8.7,法式小清新。 
倩女幽魂 / 倩女幽魂(87版)/倩女幽魂：妖魔道,爱情 奇幻 武侠 古装,8.8,两张绝世的脸。 
时空恋旅人 / AboutTime / 回到最爱的一天(港)/真爱每一天(台),喜剧 爱情 奇幻,8.8,把每天当作最后一天般珍惜度过，积极拥抱生活，就是幸福。
小森林夏秋篇 / リトル・フォレスト夏・秋 / 小森食光/夏秋篇(台),剧情,9.0,那些静得只能听见呼吸的日子里，你明白孤独即生活。
未麻的部屋 / PerfectBlue / 蓝色恐惧(港/台),动画 奇幻 惊悚,9.1,好的剧本是，就算你猜到了结局也猜不到全部。
哈利·波特与火焰杯 / HarryPotterandtheGobletofFire / 哈利波特4：火杯的考验(港/台),悬疑 奇幻 冒险,8.8,
侧耳倾听 / 耳をすませば / 心之谷(台)/梦幻街少女(港),剧情 爱情 动画,8.9,少女情怀总是诗。
驯龙高手 / HowtoTrainYourDragon / 驯龙记(港),动画 奇幻 冒险,8.8,和谐的生活离不开摸头与被摸头。
幸福终点站 / TheTerminal / 机场客运站(港)/航站情缘(台),喜剧 剧情 爱情,8.8,有时候幸福需要等一等。 
一个叫欧维的男人决定去死 / EnmansomheterOve / 明天别再来敲门(台)/想死冇咁易(港),剧情,8.9,惠及一生的美丽。
"怪兽电力公司 / Monsters,Inc. / 怪兽公司(港)/怪物公司",儿童 喜剧 动画 奇幻 冒险,8.8,不要给它起名字，起了名字就有感情了。
教父3 / TheGodfather:PartIII / 教父第三集/教父III,剧情 犯罪,9.0,任何信念的力量，都无法改变命运。
小森林冬春篇 / リトル・フォレスト冬・春 / 小森食光/冬春篇(台),剧情,9.0,尊敬他人，尊敬你生活的这片土地，明白孤独是人生的常态。
玩具总动员3 / ToyStory3 / 反斗奇兵3(港)/玩具的故事3,喜剧 动画 奇幻 冒险,8.9,跨度十五年的欢乐与泪水。
傲慢与偏见 / Pride&Prejudice / 傲慢与偏见2005/PrideAndPrejudice,剧情 爱情,8.7,爱是摈弃傲慢与偏见之后的曙光。
新世界 / 신세계 / 暗黑新世界(台)/NewWorld,剧情 犯罪,8.9,要做就做得狠一点，这样才能活下去。
茶馆 / TheTeahouse,剧情 历史,9.6,
萤火之森 / 蛍火の杜へ / 萤火之社/Hotarubinomorie,剧情 爱情 动画 奇幻,8.9,触不到的恋人。
釜山行 / 부산행 / 尸杀列车(港)/尸速列车(台),动作 惊悚 灾难,8.6,揭露人性的丧尸题材力作。
被解救的姜戈 / DjangoUnchained / 被解放的姜戈/决杀令(台),剧情 动作 西部 冒险,8.8,热血沸腾，那个低俗、性感的无耻混蛋又来了。
神偷奶爸 / DespicableMe / 卑鄙的我/坏蛋奖门人(港),喜剧 动画 冒险,8.7,Mr. I Don't Care其实也有Care的时候。
色，戒 / 色|戒/色·戒,剧情 爱情 情色,8.7,假戏真情，爱欲深海
告白 / 自白/母亲,剧情 悬疑,8.8,没有一人完全善，也没有一人完全恶。
哪吒闹海 / PrinceNezha'sTriumphAgainstDragonKing/NezhaConquerstheDragonKing,冒险 动画 奇幻,9.2,想你时你在闹海。
玛丽和马克思 / MaryandMax / 巧克力情缘(台)/同是天涯寂寞客,剧情 喜剧 动画,9.0,你是我最好的朋友，你是我唯一的朋友 。
九品芝麻官 / 九品芝麻官之白面包青天/HailtheJudge,剧情 喜剧 古装,8.7,
大鱼 / BigFish / 大鱼奇缘(港)/大智若鱼(台),剧情 家庭 奇幻 冒险,8.8,抱着梦想而活着的人是幸福的，怀抱梦想而死去的人是不朽的。
喜宴 / 囍宴 / TheWeddingBanquet,剧情 喜剧 爱情 同性 家庭,9.0,中国家庭的喜怒哀乐忍。
模仿游戏 / TheImitationGame / 解码游戏(港)/模拟游戏,剧情 传记 战争 同性,8.8,他给机器起名“克里斯托弗”，因为这是他初恋的名字。
头号玩家 / ReadyPlayerOne / 玩家一号/挑战者1号(港),动作 科幻 冒险,8.6,写给影迷，动漫迷和游戏迷的一封情书。
花样年华 / 花樣年華 / IntheMoodforLove,剧情 爱情,8.8,偷情本没有这样美。
头脑特工队 / InsideOut / 玩转脑朋友(港)/脑筋急转弯(台),喜剧 动画 冒险,8.8,愿我们都不用长大，每一座城堡都能永远存在。
射雕英雄传之东成西就 / 射鵰英雄傳之東成西就 / 东成西就/大英雄(日本),喜剧 奇幻 武侠 古装,8.7,百看不厌。 
我是山姆 / IAmSam / 不一样的爸爸(港)/他不笨，他是我爸爸(台),剧情 家庭,9.0,爱并不需要智商 。
七武士 / 七人の侍 / 七侠四义(港)/七剑客(港),动作 冒险 剧情,9.3,时代悲歌。
阳光姐妹淘 / 써니 / 阳光姊妹淘(港)/桑尼,剧情 喜剧,8.8,再多各自牛逼的时光，也比不上一起傻逼的岁月。 
血战钢锯岭 / HacksawRidge / 钢锯岭/钢铁英雄(台),剧情 传记 历史 战争,8.7,优秀的战争片不会美化战场，不会粉饰死亡，不会矮化敌人，不会无视常识，最重要的，不会宣扬战争。
惊魂记 / Psycho / 精神病患者/触目惊心(港),悬疑 惊悚 恐怖,9.0,故事的反转与反转，分裂电影的始祖。
恐怖直播 / 더테러라이브 / 死亡“动”新闻(港)/恐怖攻击直播(台),剧情 犯罪 悬疑,8.7,恐怖分子的“秋菊打官司”。
黑客帝国3：矩阵革命 / TheMatrixRevolutions / 22世纪杀人网络3：惊变世纪(港)/骇客任务完结篇：最后战役(台),动作 科幻,8.8,不得不说，《黑客帝国》系列是商业片与科幻、哲学完美结合的典范。
你的名字。 / 君の名は。 / 你的名字/君之名,剧情 爱情 动画,8.5,穿越错位的时空，仰望陨落的星辰，你没留下你的名字，我却无法忘记那句“我爱你”。
"三块广告牌 / ThreeBillboardsOutsideEbbing,Missouri / 广告牌杀人事件(港)/意外(台)",剧情 犯罪,8.7,怼天怼地，你走后，她与世界为敌。
电锯惊魂 / Saw / 恐惧斗室(港)/夺魂锯(台),悬疑 惊悚 恐怖,8.7,真相就在眼前。
心迷宫 / 殡棺/TheCoffinintheMountain,剧情 犯罪 悬疑,8.7,荒诞讽刺，千奇百巧，抽丝剥茧，百转千回。
达拉斯买家俱乐部 / DallasBuyersClub / 续命枭雄(港)/药命俱乐部(台),剧情 传记 同性,8.8,Jared Leto的腿比女人还美！
疯狂原始人 / TheCroods / 古鲁家族(港/台),喜剧 动画 冒险,8.7,老少皆宜，这就是好莱坞动画的魅力。
谍影重重3 / TheBourneUltimatum / 叛谍追击3：最后通牒(港)/神鬼认证：最后通牒(台),动作 悬疑 惊悚,8.8,像吃了苏打饼一样干脆的电影。
英雄本色 / ABetterTomorrow/GanglandBoss,剧情 动作 犯罪,8.6,英雄泪短，兄弟情长。 
上帝之城 / CidadedeDeus / 无主之城(港)/无法无天(台),犯罪 剧情,9.0,被上帝抛弃了的上帝之城。
小丑 / Joker / 小丑起源电影：罗密欧/Romeo,剧情 犯罪 惊悚,8.7,
风之谷 / 風の谷のナウシカ / 风谷少女/KazenotaninoNaushika,动画 奇幻 冒险,8.9,动画片的圣经。
爱在午夜降临前 / BeforeMidnight / 情约半生(港)/爱在午夜希腊时(台),剧情 爱情,8.9,所谓爱情，就是话唠一路，都不会心生腻烦，彼此嫌弃。
绿里奇迹 / TheGreenMile / 绿色奇迹(台)/绿色英里,犯罪 剧情 奇幻 悬疑,8.9,天使暂时离开。
海街日记 / 海街diary / 海街女孩日记(港)/KamakuraDiary,剧情 家庭,8.8,是枝裕和的家庭习作。
纵横四海 / 緃横四海 / OnceaThief,剧情 喜剧 动作 犯罪,8.8,香港浪漫主义警匪动作片的巅峰之作。
卢旺达饭店 / HotelRwanda / 卢安达饭店(台),剧情 传记 历史 战争,8.9,当这个世界闭上双眼，他却敞开了怀抱。
"背靠背，脸对脸 / 背对背，脸对脸/BacktoBack,FacetoFace",剧情,9.5,
心灵奇旅 / Soul / 灵魂奇遇记(港)/灵魂急转弯(台),动画 奇幻 音乐,8.7,
记忆碎片 / Memento / 凶心人(港)/记忆拼图(台),犯罪 剧情 悬疑 惊悚,8.7,一个针管引发的血案。
疯狂的石头 / CrazyStone,喜剧 犯罪,8.6,中国版《两杆大烟枪》。
雨中曲 / Singin'intheRain / 万花嬉春(港/台),喜剧 歌舞 爱情,9.1,骨灰级歌舞片。
2001太空漫游 / 2001:ASpaceOdyssey / 2001：星际漫游/2001：太空奥德赛,科幻 惊悚 冒险,8.9,现代科幻电影的开山之作，最伟大导演的最伟大影片。
无间道2 / 無間道II / 无间道前传/InfernalAffairsII,剧情 犯罪 惊悚,8.7,
岁月神偷 / 歲月神偷 / 1969太空漫游/EchoesOfTheRainbow,剧情 家庭,8.7,岁月流逝，来日可追。
忠犬八公物语 / ハチ公物語 / 八千公物语/阿八的故事,剧情,9.2,养狗三日，便会对你终其一生。
小偷家族 / 万引き家族 / Shoplifters/UneAffairedeFamille,剧情 犯罪 家庭,8.7,我们组成了家。
无敌破坏王 / Wreck-ItRalph / 破坏王拉尔夫/破坏王大冒险,喜剧 动画 奇幻 冒险,8.7,迪士尼和皮克斯拿错剧本的产物。
荒蛮故事 / Relatossalvajes / 蛮荒故事/生命中最抓狂的小事(台),剧情 喜剧 犯罪,8.8,始于荒诞，止于更荒诞。
冰川时代 / IceAge / 冰河世纪/冰原历险记,喜剧 动画 冒险,8.6,松鼠才是角儿。
爆裂鼓手 / Whiplash / 鼓动真我(港)/进击的鼓手(台),剧情 音乐,8.7,这个世界从不善待努力的人，努力了也不一定会成功，但是知道自己在努力，就是活下去的动力。
恐怖游轮 / Triangle / 汪洋血迷宮(台)/轮回三角,剧情 悬疑 惊悚,8.5,不要企图在重复中寻找已经失去的爱。
牯岭街少年杀人事件 / 牯嶺街少年殺人事件 / ABrighterSummerDay,剧情 犯罪,8.9,弱者送给弱者的一刀。
东京教父 / 東京ゴッドファーザーズ / TokyoGodfathers,剧情 喜剧 动画,9.0,
贫民窟的百万富翁 / SlumdogMillionaire / 一百万零一夜(港)/贫民百万富翁(台),剧情 爱情,8.6,上帝之城+猜火车+阿甘正传+开心辞典=山寨富翁
魔女宅急便 / 魔女の宅急便 / 魔女琪琪(台)/小魔女限时专送,动画 奇幻 冒险,8.7,宫崎骏的电影总让人感觉世界是美好的，阳光明媚的。
东邪西毒 / 東邪西毒 / AshesofTime,剧情 动作 爱情 武侠 古装,8.6,电影诗。
大佛普拉斯 / TheGreatBuddha+,剧情 喜剧,8.7,人们可以登上月球，却永远无法探索人们内心的宇宙。
遗愿清单 / TheBucketList / 玩转身前事(港)/一路玩到挂(台),冒险 喜剧 剧情,8.7,用剩余不多的时间，去燃烧整个生命。
你看起来好像很好吃 / おまえうまそうだな / 你看起来很好吃(台)/你看上去好像很好吃,剧情 动画 儿童,8.9,感情不分食草或者食肉。
可可西里 / Kekexili:MountainPatrol,剧情 犯罪,8.9,坚硬的信仰。
城市之光 / CityLights / CityLights:AComedyRomanceinPantomime/LichterderGroßstadt,喜剧 剧情 爱情,9.3,永远的小人物，伟大的卓别林。
黑天鹅 / BlackSwan / 夺命黑天鹅/霸王别鹅(豆友译名),剧情 惊悚,8.6,黑暗之美。
源代码 / SourceCode / 启动原始码(台)/危机解密(港),科幻 悬疑 惊悚,8.5,邓肯·琼斯继《月球》之后再度奉献出一部精彩绝伦的科幻佳作。
真爱至上 / LoveActually / 真的恋爱了(港)/爱是您，爱是我(台),喜剧 剧情 爱情,8.5,爱，是个动词。
海边的曼彻斯特 / ManchesterbytheSea / 情系海边之城(港),剧情 家庭,8.6,我们都有权利不与自己的过去和解。
末路狂花 / Thelma&Louise / 塞尔玛与路易丝/末路狂花,犯罪 剧情 惊悚,8.9,没有了退路，只好飞向自由。
波西米亚狂想曲 / BohemianRhapsody / 波希米亚狂想曲：摇滚传说(港)/波希米亚狂想曲(台),剧情 传记 同性 音乐,8.6,
雨人 / RainMan / 手足情未了(港)/手足情深,剧情,8.7,生活在自己的世界里，也可以让周围的人显得可笑和渺小。
青蛇 / GreenSnake,剧情 爱情 奇幻 古装,8.6,人生如此，浮生如斯。谁人言，花彼岸，此生情长意短。谁都是不懂爱的罢了。
初恋这件小事 / สิ่งเล็กเล็กที่เรียกว่า...รัก / 初恋那件小事(港)/暗恋那点小事,剧情 喜剧 爱情,8.5,黑小鸭速效美白记。
人工智能 / A.I.ArtificialIntelligence / AI人工智慧,剧情 科幻,8.7,对爱的执着，可以超越一切。
恋恋笔记本 / TheNotebook / 忘了·忘不了(港)/手札情缘(台),剧情 爱情,8.5,爱情没有那么多借口，如果不能圆满，只能说明爱的不够。 
爱乐之城 / LaLaLand / 星声梦里人(港)/乐来越爱你(台),剧情 爱情 歌舞,8.4,
虎口脱险 / Lagrandevadrouille / 横冲直撞出重围(港)/大進擊(台),喜剧 战争,8.9,永远看不腻的喜剧。
终结者2：审判日 / Terminator2:JudgmentDay / 未来战士2(港)/魔鬼终结者2(台),动作 科幻,8.8,少见的超越首部的续集，动作片中的经典。
疯狂的麦克斯4：狂暴之路 / MadMax:FuryRoad / 末日先锋：战甲飞车(港)/疯狂麦斯：愤怒道(台),动作 科幻 冒险,8.7,“多么美好的一天！”轰轰轰砰咚，啪哒哒哒轰隆隆，磅~
芙蓉镇 / HibiscusTown,剧情 爱情,9.3,
罗生门 / 羅生門 / Rashomon,剧情 犯罪 悬疑,8.8,人生的N种可能性。
新龙门客栈 / 新龍門客棧 / NewDragonGateInn,动作 爱情 武侠 古装,8.7,嬉笑怒骂，调风动月。
无耻混蛋 / InglouriousBasterds / 希魔撞正杀人狂(港)/恶棍特工(台),剧情 犯罪,8.7,昆汀同学越来越变态了，比北野武还杜琪峰。
崖上的波妞 / 崖の上のポニョ / 悬崖上的金鱼姬/悬崖上的金鱼公主,动画 奇幻 冒险,8.6,
千钧一发 / Gattaca / 变种异煞(港)/自然人,剧情 科幻 惊悚,8.8,一部能引人思考的科幻励志片。
花束般的恋爱 / 花束みたいな恋をした / 她和他的恋爱花期(港)/爱如花束恋恋不忘,剧情 爱情,8.6,
彗星来的那一夜 / Coherence / 相干性/相干效应,科幻 悬疑 惊悚,8.6,小成本大魅力。
萤火虫之墓 / 火垂るの墓 / 再见萤火虫(港)/萤火挽歌,动画 剧情 战争,8.7,幸福是生生不息，却难以触及的远。 
哈利·波特与死亡圣器(上) / HarryPotterandtheDeathlyHallows:Part1 / 哈利波特7：死神的圣物1(港/台),奇幻 冒险,8.5,最忠于原著的一部。
奇迹男孩 / Wonder / 奇迹,剧情 儿童 家庭,8.6,世界不完美，爱会有奇迹。
黑客帝国2：重装上阵 / TheMatrixReloaded / 22世纪杀人网络2：决战未来(港)/骇客任务：重装上阵(台),动作 科幻,8.7,一个精彩的世界观正在缓缓建立。
二十二 / TwentyTwo/22,纪录片,8.7,有一些东西不应该被遗忘。
火星救援 / TheMartian / 火星任务(港)/绝地救援(台),剧情 科幻 冒险,8.5,
血钻 / BloodDiamond / 血钻石(台)/血腥钻石,剧情 惊悚 冒险,8.7,每个美丽事物背后都是滴血的现实。
战争之王 / LordofWar / 军火之王(台/港),剧情 犯罪,8.7,做一颗让别人需要你的棋子。
白日梦想家 / TheSecretLifeofWalterMitty / 发梦王大历险(港)/白日梦冒险王(台),剧情 喜剧 冒险,8.6,
高山下的花环 / 卫国军魂(港)/WreathsattheFootoftheMountain,剧情 战争,9.5,
步履不停 / 歩いても歩いても / 横山家之味(港/台),剧情 家庭,8.8,日本的家庭电影已经是世界巅峰了，步履不停是巅峰中的佳作。
房间 / Room / 不存在的房间(台)/抖室(港),剧情 家庭,8.8,被偷走的岁月，被伤害的生命，被禁锢的灵魂，终将被希望和善意救赎。
魂断蓝桥 / WaterlooBridge / 滑铁卢桥/断桥残梦,剧情 爱情 战争,8.8,中国式内在的美国电影。
千年女优 / 千年女優 / MillenniumActress,动画 剧情 爱情,8.8,爱情是一场没有尽头的虚幻追逐。
谍影重重2 / TheBourneSupremacy / 叛谍追击2：机密圈套(港)/神鬼认证：神鬼疑云(台),动作 悬疑 惊悚,8.7,谁说王家卫镜头很晃？
哈利·波特与凤凰社 / HarryPotterandtheOrderofthePhoenix / 哈利波特5：凤凰会的密令(港/台),奇幻 冒险,8.5,
蜘蛛侠：平行宇宙 / Spider-Man:IntotheSpider-Verse / 蜘蛛侠：新纪元/蜘蛛人：新宇宙(台),动作 科幻 动画 冒险,8.6,
大红灯笼高高挂 / RaiseTheRedLantern/Épousesetconcubines,剧情,8.8,
弱点 / TheBlindSide / 守护有心人(港)/攻其不备(台),剧情 家庭 传记 运动,8.7,拍掉身上的悲伤，从今天开始重新踏上追梦之旅。
谍影重重 / TheBourneIdentity / 叛谍追击(港)/神鬼认证(台),动作 悬疑 惊悚,8.6,哗啦啦啦啦，天在下雨，哗啦啦啦啦，云在哭泣……找自己。
阿飞正传 / 阿飛正傳 / DaysofBeingWild,犯罪 剧情 爱情,8.5,王家卫是一种风格，张国荣是一个代表。
朗读者 / TheReader / 为爱朗读(台)/读爱(港),剧情 爱情,8.6,当爱情跨越年龄的界限，它似乎能变得更久远一点，成为一种责任，一种水到渠成的相濡以沫。 
再次出发之纽约遇见你 / BeginAgain / 再次出发/歌曲改变人生,喜剧 爱情 音乐,8.6,爱我就给我看你的播放列表。
燃情岁月 / LegendsoftheFall / 秋日传奇/真爱一世情(台),剧情 爱情 战争 西部,8.7,传奇，不是每个人都可以拥有。
